{
  "project_info": {
    "project_number": "840550089463",
    "firebase_url": "https://healthai-5976e-default-rtdb.europe-west1.firebasedatabase.app",
    "project_id": "healthai-5976e",
    "storage_bucket": "healthai-5976e.appspot.com"
  },
  "client": [
    {
      "client_info": {
        "mobilesdk_app_id": "1:840550089463:android:1e4b0193ec5a298df449f2",
        "android_client_info": {
          "package_name": "com.example.healthai"
        }
      },
      "oauth_client": [],
      "api_key": [
        {
          "current_key": "AIzaSyDMEuJ82IYG9juXrYiv50T5bxMNUk4f2iI"
        }
      ],
      "services": {
        "appinvite_service": {
          "other_platform_oauth_client": []
        }
      }
    }
  ],
  "configuration_version": "1"
}